{
  "model": {
    "vocab_size": 1024,
    "d_model": 512,
    "num_layers": 4,
    "nhead": 8,
    "max_seq_len": 16384,
    "dropout": 0.0,
    "ff_hidden_dim": null
  },
  "data": {
    "seq_len": 1024,
    "sequence_length": 4,
    "image_size": 256,
    "train_data_dir": "/root/DCVC-VQGAN/DCVC-family/data",
    "val_data_dir": "/root/DCVC-VQGAN/DCVC-family/data",
    "train_num_samples": null,
    "val_num_samples": null
  },
  "vqgan": {
    "vq_config": "/root/DCVC-VQGAN/DCVC-family/DCVC/vqgan/VQGAN/config.json",
    "vq_ckpt": ""
  },
  "training": {
    "batch_size": 1,
    "grad_accum_steps": 4,
    "use_amp": false,
    "epochs": 100,
    "lr": 0.0001,
    "weight_decay": 0.0001,
    "seed": 42,
    "resume": null,
    "val_start_epoch": 2
  },
  "output": {
    "output_dir": "./runs/transformer",
    "recon_output_dir": "/root/recon",
    "original_output_dir": "/root/original"
  },
  "device": "cuda:0"
}
